<?xml version="1.0" encoding="UTF-8"?>
<project-private xmlns="http://www.netbeans.org/ns/project-private/1">
    <editor-bookmarks xmlns="http://www.netbeans.org/ns/editor-bookmarks/2" lastBookmarkId="0"/>
    <open-files xmlns="http://www.netbeans.org/ns/projectui-open-files/2">
        <group>
            <file>file:/C:/Users/John/Documents/Ryan/12th%20Grade/Web%20Dev%20II/FinalVersion/IntegratedVersion1/public_html/Services.html</file>
            <file>file:/C:/Users/John/Documents/Ryan/12th%20Grade/Web%20Dev%20II/FinalVersion/IntegratedVersion1/public_html/staff.html</file>
            <file>file:/C:/Users/John/Documents/Ryan/12th%20Grade/Web%20Dev%20II/FinalVersion/IntegratedVersion1/public_html/index.html</file>
            <file>file:/C:/Users/John/Documents/Ryan/12th%20Grade/Web%20Dev%20II/FinalVersion/IntegratedVersion1/public_html/contact.html</file>
        </group>
    </open-files>
</project-private>
